City,Lat,Long,Max Temp (C),Humidity,Cloudiness,Windspeed,Country Code,Date
Severo-Kuril'sk,50.68,156.12,6.44,83,100,11.1,RU,1604350497
Meulaboh,4.14,96.13,25.07,83,100,2.28,ID,1604350497
Vaini,-21.2,-175.2,25.0,88,75,5.1,TO,1604350498
Temascalcingo,19.92,-100.0,24.44,33,3,2.24,MX,1604350498
Cuamba,-14.8,36.54,24.25,62,18,1.22,MZ,1604350498
Castro,-42.47,-73.77,16.11,71,75,1.5,CL,1604350498
Port Alfred,-33.59,26.89,19.37,81,40,9.26,ZA,1604350498
Murmansk Oblast,68.0,34.0,-1.43,97,100,5.95,RU,1604350499
Christchurch,-43.53,172.63,12.22,81,100,7.2,NZ,1604350333
Port Blair,11.67,92.75,26.69,81,100,2.28,IN,1604350499
Albany,-35.02,117.89,13.0,100,75,4.6,AU,1604350499
Bredasdorp,-34.53,20.04,19.0,82,37,6.7,ZA,1604350500
Puerto Ayora,-0.74,-90.35,27.0,61,75,7.2,EC,1604350500
Matamoros,25.53,-103.25,24.0,29,5,4.46,MX,1604350328
Pūrna,19.18,77.05,19.99,56,0,1.67,IN,1604350500
Hobart,-42.88,147.33,18.89,63,75,5.1,AU,1604350346
Nova Olímpia,-14.8,-57.29,31.79,40,6,0.91,BR,1604350501
Bilibino,68.05,166.44,-20.81,89,92,1.43,RU,1604350501
Vadsø,70.07,29.75,3.0,86,75,11.8,NO,1604350502
New Norfolk,-42.78,147.06,18.89,36,99,1.34,AU,1604350502
Busselton,-33.65,115.33,13.33,85,74,4.71,AU,1604350502
Atuona,-9.8,-139.03,25.29,76,22,8.99,PF,1604350503
Korla,41.76,86.15,2.48,72,1,0.62,CN,1604350503
Panguna,-6.32,155.48,24.06,87,25,0.46,PG,1604350503
Khatanga,71.97,102.5,-11.28,96,100,3.73,RU,1604350503
Tessalit,20.2,1.01,23.61,19,100,4.14,ML,1604350504
Madona,56.85,26.22,6.68,85,100,4.97,LV,1604350504
Coquimbo,-29.95,-71.34,15.0,72,75,5.1,CL,1604350504
Chui,-33.7,-53.46,17.08,71,32,3.93,UY,1604350266
Vardø,70.37,31.11,3.0,93,75,12.3,NO,1604350505
Lüderitz,-26.65,15.16,16.47,85,98,3.39,NA,1604350505
Prome,18.82,95.22,23.32,91,20,0.36,MM,1604350505
Coari,-4.08,-63.14,31.72,56,30,0.77,BR,1604350505
Avarua,-21.21,-159.78,22.0,88,100,2.6,CK,1604350395
Bosaso,11.28,49.18,24.89,81,8,1.29,SO,1604350506
Gwanda,-20.93,29.0,21.28,65,98,2.27,ZW,1604350506
Waynesboro,38.07,-78.89,9.0,21,1,3.6,US,1604350506
Hermanus,-34.42,19.23,18.33,84,1,3.13,ZA,1604350507
Ushuaia,-54.8,-68.3,16.0,55,20,2.1,AR,1604350383
Amazar,53.86,120.88,-12.66,80,57,2.19,RU,1604350507
Almaty,43.25,76.95,2.0,55,75,1.0,KZ,1604350508
Geraldton,-28.77,114.6,15.0,93,40,2.6,AU,1604350508
Arkhara,49.42,130.08,-6.45,96,100,6.7,RU,1604350508
Fortuna,40.6,-124.16,16.0,67,20,3.1,US,1604350509
Florence,34.05,-79.67,13.89,24,1,6.2,US,1604350509
Rikitea,-23.12,-134.97,22.32,80,6,8.14,PF,1604350509
Kavieng,-2.57,150.8,28.65,72,12,1.95,PG,1604350509
Hilo,19.73,-155.09,28.0,65,90,2.1,US,1604350397
Lavrentiya,65.58,-171.0,-6.71,87,0,1.6,RU,1604350510
Alofi,-19.06,-169.92,25.0,88,75,8.7,NU,1604350510
Aswān,24.09,32.91,22.37,43,0,5.66,EG,1604350510
Lorengau,-2.02,147.27,27.94,74,2,1.21,PG,1604350511
East London,-33.02,27.91,19.64,83,76,6.91,ZA,1604350511
Hokitika,-42.72,170.97,10.99,88,100,2.21,NZ,1604350511
Parangan,5.08,119.94,28.15,81,100,5.57,PH,1604350511
Hithadhoo,-0.6,73.08,28.3,74,83,4.95,MV,1604350511
Buala,-8.14,159.59,27.3,82,100,4.02,SB,1604350512
Ribeira Grande,38.52,-28.7,16.0,63,75,3.6,PT,1604350512
Bethel,41.37,-73.41,4.0,38,1,7.7,US,1604350512
Ahipara,-35.17,173.17,19.55,76,100,6.11,NZ,1604350512
Mayya,61.73,130.28,-23.0,83,90,1.0,RU,1604350513
Illéla,14.46,5.24,28.0,23,0,1.0,NE,1604350513
Diamantino,-14.41,-56.45,30.19,49,65,1.81,BR,1604350268
Petropavlovka,50.61,105.32,-5.47,86,91,0.76,RU,1604350513
Lebu,-37.62,-73.65,12.33,84,66,5.11,CL,1604350514
Norman Wells,65.28,-126.83,-13.0,71,75,3.6,CA,1604350514
Port Macquarie,-31.43,152.92,16.67,74,69,0.45,AU,1604350514
Talnakh,69.49,88.4,-9.0,92,100,1.0,RU,1604350514
Cockburn Town,21.46,-71.14,29.0,66,40,5.1,TC,1604350508
Nome,64.5,-165.41,-8.33,85,90,2.02,US,1604350515
Ust'-Uda,54.17,103.03,-4.19,92,100,1.26,RU,1604350515
Nikolskoye,59.7,30.79,6.0,87,90,6.0,RU,1604350515
Dikson,73.51,80.55,-9.31,97,100,4.48,RU,1604350516
Upernavik,72.79,-56.15,-8.32,92,97,3.55,GL,1604350516
Cabo San Lucas,22.89,-109.91,31.11,48,20,3.6,MX,1604350435
Maebaru-chūō,33.55,130.2,13.89,100,0,0.5,JP,1604350516
Drayton Valley,53.22,-114.99,11.42,53,100,3.53,CA,1604350517
Henties Bay,-22.12,14.28,15.56,86,94,1.34,NA,1604350517
Waingapu,-9.66,120.26,26.5,75,97,3.09,ID,1604350517
Departamento de Maldonado,-34.67,-54.92,19.0,68,20,7.2,UY,1604350286
Port Elizabeth,-33.92,25.57,18.0,88,0,7.2,ZA,1604350517
Avenal,36.0,-120.13,29.44,29,75,2.6,US,1604350518
Pringsewu,-5.36,104.97,23.61,89,48,1.96,ID,1604350518
Ubari,26.59,12.78,17.02,48,17,2.95,LY,1604350518
Ballangen,68.34,16.83,8.33,93,75,6.2,NO,1604350518
Angoram,-4.06,144.07,24.68,91,67,0.83,PG,1604350518
Pevek,69.7,170.31,-10.22,88,81,8.08,RU,1604350519
Cape Town,-33.93,18.42,20.0,82,0,4.6,ZA,1604350519
Mandalay,21.97,96.08,24.71,81,39,1.24,MM,1604350519
Tromsø,69.65,18.96,6.0,70,75,14.4,NO,1604350519
Havre-St-Pierre,50.23,-63.6,7.0,100,90,5.1,CA,1604350520
Leningradskiy,69.38,178.42,-8.62,86,100,1.75,RU,1604350520
Saint-Philippe,-21.36,55.77,22.0,56,90,2.1,RE,1604350520
Thinadhoo,0.53,72.93,28.27,75,100,4.01,MV,1604350520
Kapaa,22.08,-159.32,26.0,83,75,3.1,US,1604350520
Tefé,-3.35,-64.71,32.0,59,40,3.1,BR,1604350521
Udalguri,26.77,92.13,21.74,75,17,2.0,IN,1604350521
Esperance,-33.87,121.9,14.0,100,90,5.1,AU,1604350521
Chokurdakh,70.63,147.92,-23.2,90,99,4.72,RU,1604350522
Yulara,-25.24,130.99,24.0,23,19,2.1,AU,1604350522
Saint George,32.38,-64.68,23.33,100,90,8.2,BM,1604350522
Bubaque,11.28,-15.83,29.19,71,0,4.58,GW,1604350522
Bedford,45.13,-72.97,0.0,58,88,3.6,CA,1604350523
San Policarpo,12.18,125.51,25.45,85,100,2.77,PH,1604350523
San Patricio,19.22,-104.7,30.0,74,40,5.1,MX,1604350523
Gemeente Heerenveen,52.95,5.93,12.22,74,0,9.39,NL,1604350523
Bengkulu,-3.8,102.27,23.83,89,100,2.44,ID,1604350523
Jamestown,-15.94,-5.72,16.09,94,98,8.09,SH,1604350524
Andros Town,24.7,-77.77,25.0,94,75,8.7,BS,1604350524
Victoria,-4.62,55.45,25.0,94,75,5.1,SC,1604350499
Mar del Plata,-38.0,-57.56,19.0,52,40,5.1,AR,1604350440
Los Alamos,35.89,-106.31,17.78,25,1,1.18,US,1604350524
Tiksi,71.69,128.87,-17.55,89,100,1.98,RU,1604350525
Sur,22.57,59.53,20.66,52,0,0.98,OM,1604350525
Provideniya,64.38,-173.3,-1.0,68,75,5.0,RU,1604350525
Yellowknife,62.46,-114.35,-13.33,84,90,5.7,CA,1604350525
Paita,-5.09,-81.11,19.72,70,20,7.11,PE,1604350525
Yakeshi,49.28,120.73,-14.49,89,0,4.6,CN,1604350526
Ostrovnoy,68.05,39.51,1.69,85,96,13.96,RU,1604350526
Bluff,-46.6,168.33,12.22,75,38,0.89,NZ,1604350526
Santa Helena de Goiás,-17.81,-50.6,26.79,46,6,2.89,BR,1604350526
Santa Cruz,10.26,-85.59,25.0,100,75,2.6,CR,1604350527
Bonthe,7.53,-12.51,26.31,80,65,1.78,SL,1604350527
Anchorage,61.22,-149.9,-5.0,22,1,10.3,US,1604350256
Sistranda,63.73,8.83,8.0,87,75,7.2,NO,1604350527
Tasiilaq,65.61,-37.64,-2.0,54,0,2.1,GL,1604350527
Punta Arenas,-53.15,-70.92,13.0,58,75,3.6,CL,1604350250
Faanui,-16.48,-151.75,26.42,79,3,6.94,PF,1604350528
Fairbanks,64.84,-147.72,-22.0,83,75,0.67,US,1604350310
Saskylakh,71.92,114.08,-14.92,93,98,3.14,RU,1604350528
Ilulissat,69.22,-51.1,-6.0,67,40,6.2,GL,1604350529
Waipawa,-41.41,175.52,11.67,93,100,2.6,NZ,1604350529
Havelock,34.88,-76.9,12.0,30,1,6.2,US,1604350529
Klaksvík,62.23,-6.59,7.0,75,0,8.2,FO,1604350529
Thompson,55.74,-97.86,-6.0,92,90,1.5,CA,1604350233
Hambantota,6.12,81.12,25.9,82,82,3.47,LK,1604350530
Arraial do Cabo,-22.97,-42.03,22.0,56,20,4.1,BR,1604350530
Mabaruma,8.2,-59.78,22.14,98,100,0.12,GY,1604350530
Policoro,40.21,16.67,15.56,90,2,0.45,IT,1604350530
Qaanaaq,77.48,-69.36,-14.31,79,100,2.99,GL,1604350530
Champerico,14.3,-91.92,33.0,59,40,3.1,GT,1604350531
Pembroke,45.82,-77.12,0.0,85,90,5.1,CA,1604350302
Talara,-4.58,-81.27,18.99,76,23,6.78,PE,1604350531
Port-Gentil,-0.72,8.78,26.0,88,20,3.1,GA,1604350532
Brae,60.4,-1.35,8.0,75,94,8.7,GB,1604350532
Padang,-0.95,100.35,25.26,75,100,1.8,ID,1604350532
Butaritari,3.07,172.79,27.22,75,63,7.55,KI,1604350533
Katsina,12.99,7.6,27.11,27,71,2.81,NG,1604350533
Ayaviri,-14.89,-70.59,14.69,37,93,4.76,PE,1604350533
Sulangan,11.14,123.72,28.15,75,100,3.01,PH,1604350533
Fougamou,-1.22,10.58,21.97,93,100,0.4,GA,1604350534
Motygino,58.18,94.76,-5.9,98,68,2.65,RU,1604350534
Medvedka,61.16,46.39,-1.79,97,15,3.7,RU,1604350534
Praia da Vitória,38.73,-27.07,17.0,67,75,6.07,PT,1604350534
Kashgar,39.45,75.98,6.0,38,20,5.0,CN,1604350535
Georgetown,-7.93,-14.42,24.05,83,76,6.3,SH,1604350535
Vila Franca do Campo,37.72,-25.43,16.0,72,40,3.1,PT,1604350535
Morro Bay,35.37,-120.85,28.89,21,1,2.93,US,1604350302
Saint Paul Harbor,57.79,-152.41,-2.0,50,1,5.7,US,1604350536
Nanortalik,60.14,-45.24,-0.89,86,94,3.61,GL,1604350536
Tateyama,34.98,139.87,16.0,93,75,0.5,JP,1604350536
Madang,-5.22,145.8,25.93,81,100,1.98,PG,1604350536
Isla Mujeres,21.23,-86.73,28.0,78,75,5.1,MX,1604350536
‘Ewa Beach,21.32,-158.01,28.0,61,1,2.1,US,1604350298
Alice Springs,-23.7,133.88,19.0,20,0,3.22,AU,1604350321
Barrow,71.29,-156.79,-2.0,79,90,4.6,US,1604350537
Opuwo,-18.06,13.84,20.87,22,22,3.49,NA,1604350537
Gurupi,-11.73,-49.07,23.14,89,97,0.86,BR,1604350538
Sokoni,-6.43,39.55,25.0,83,40,2.6,TZ,1604350538
Turan,52.15,93.92,-3.44,92,100,0.08,RU,1604350538
Karpathos,35.51,27.21,20.0,52,75,6.2,GR,1604350538
Tuktoyaktuk,69.45,-133.04,-14.0,77,90,7.7,CA,1604350538
Kitimat,54.05,-128.65,7.22,95,100,1.51,CA,1604350539
Severo-Yeniseyskiy,60.37,93.04,-6.46,98,99,3.81,RU,1604350539
Belle Glade,26.68,-80.67,24.44,70,3,1.34,US,1604350539
Lake Charles,30.21,-93.2,23.0,40,5,3.6,US,1604350436
Santo Antônio do Sudoeste,-26.07,-53.73,21.71,57,100,1.24,BR,1604350540
Gorontalo,0.54,123.06,23.83,72,83,1.1,ID,1604350540
Yumen,40.28,97.2,2.25,67,0,4.62,CN,1604350540
Sterling,39.01,-77.43,9.0,31,20,7.7,US,1604350540
Zdvinsk,54.7,78.66,0.2,94,100,3.99,RU,1604350541
Mahébourg,-20.41,57.7,22.0,73,40,5.1,MU,1604350541
Barra Patuca,15.8,-84.28,25.58,87,100,9.98,HN,1604350541
Ilhabela,-23.78,-45.36,19.44,62,78,1.9,BR,1604350541
Imuris,30.78,-110.87,30.76,14,0,3.12,MX,1604350542
Mindelo,16.89,-24.98,27.0,69,0,6.7,CV,1604350542
Hūn,29.13,15.95,15.62,64,0,1.63,LY,1604350542
Odessa,31.85,-102.37,22.0,26,1,5.1,US,1604350452
Pochutla,15.74,-96.47,32.78,62,40,5.1,MX,1604350543
Tigzirt,36.89,4.12,20.37,51,0,1.97,DZ,1604350543
Marsá Maţrūḩ,31.35,27.25,20.0,68,40,2.6,EG,1604350543
Columbus,39.96,-83.0,8.89,31,1,7.2,US,1604350274
Cherskiy,68.75,161.3,-19.7,92,100,6.16,RU,1604350544
Salalah,17.02,54.09,25.0,57,0,2.6,OM,1604350544
Shenjiamen,29.96,122.3,18.05,56,0,9.07,CN,1604350544
Haines Junction,60.75,-137.51,-14.0,55,98,4.1,CA,1604350544
Hirara,24.8,125.28,24.71,77,100,14.21,JP,1604350544
Samos,37.76,26.98,17.0,59,20,4.1,GR,1604350545
Athens,33.96,-83.38,18.0,22,1,2.27,US,1604350366
Mongoumba,3.64,18.59,22.9,93,100,1.56,CF,1604350545
Rexburg,43.83,-111.79,17.78,19,1,2.2,US,1604350512
Honiara,-9.43,159.95,25.0,94,75,2.6,SB,1604350546
Torbay,47.67,-52.73,12.78,100,90,16.5,CA,1604350546
Russell,-35.26,174.12,19.44,88,100,3.13,NZ,1604350546
Puerto Rico,1.91,-75.14,29.08,67,65,0.27,CO,1604350546
Matagami,49.75,-77.63,-6.0,92,90,5.1,CA,1604350547
San Joaquin,-16.38,-58.39,33.06,32,75,2.95,BO,1604350547
Katsuura,35.13,140.3,16.0,93,75,0.5,JP,1604350547
Adrar,25.75,-1.0,23.09,22,0,3.94,DZ,1604350547
Kailua,21.4,-157.74,28.0,69,40,3.1,US,1604350547
Tiznit Province,29.58,-9.5,20.52,38,0,0.95,MA,1604350548
Nishihara,26.18,127.76,25.0,78,75,5.7,JP,1604350548
Caravelas,-17.71,-39.25,22.16,76,79,4.86,BR,1604350548
Tarko-Sale,64.92,77.78,-8.61,97,94,5.16,RU,1604350548
Homer,59.64,-151.55,-3.0,21,90,5.1,US,1604350548
Nemuro,43.32,145.57,10.56,88,93,7.76,JP,1604350549
Ambon City,-3.7,128.18,27.22,94,100,1.57,ID,1604350549
Aksarka,66.56,67.8,-8.14,95,67,4.79,RU,1604350549
Necochea,-38.55,-58.74,20.42,59,1,5.0,AR,1604350549
Lompoc,34.64,-120.46,24.44,68,1,6.2,US,1604350549
Taiobeiras,-15.81,-42.23,17.46,92,100,2.06,BR,1604350550
Belmonte,-15.86,-38.88,21.0,88,90,2.6,BR,1604350550
Sibolga,1.74,98.78,24.8,78,84,1.84,ID,1604350550
Ormara,25.21,64.64,25.21,44,0,5.41,PK,1604350550
New Plymouth,-39.07,174.08,16.11,88,100,4.92,NZ,1604350551
Rawson,-43.3,-65.1,24.82,26,100,3.48,AR,1604350551
Narsaq,60.92,-46.05,-5.0,49,75,3.1,GL,1604350551
Kaitangata,-46.28,169.85,13.89,62,33,1.79,NZ,1604350551
Springbok,-29.66,17.89,18.2,33,24,1.45,ZA,1604350551
Lékoni,-1.58,14.26,22.93,81,100,0.49,GA,1604350552
Jalu,29.03,21.55,18.3,57,0,4.68,LY,1604350487
Ponta do Sol,17.2,-25.09,27.0,69,0,6.7,CV,1604350552
Petropavlovka,50.61,105.32,-5.47,86,91,0.76,RU,1604350513
Mareeba,-17.0,145.43,25.0,78,40,6.2,AU,1604350553
Sucúa,-2.47,-78.17,26.0,61,40,4.1,EC,1604350553
Koslan,63.46,48.9,-2.16,92,7,4.08,RU,1604350553
Whitehorse,60.72,-135.05,-16.0,71,75,3.1,CA,1604350428
Rocha,-34.48,-54.33,16.6,72,16,3.75,UY,1604350286
Ponta do Sol,32.67,-17.1,21.0,73,75,5.7,PT,1604350554
Vanderhoof,54.02,-124.02,10.92,64,100,0.12,CA,1604350554
Xining,36.62,101.77,0.78,78,100,0.81,CN,1604350554
Clyde River,70.47,-68.59,-11.0,85,75,7.2,CA,1604350554
Distracción,10.9,-72.89,25.99,86,100,1.16,CO,1604350555
Tha Mai,12.62,102.0,24.54,87,6,2.27,TH,1604350555
Lewiston,44.1,-70.21,1.11,47,75,9.8,US,1604350555
Mokrousovo,55.81,66.77,-0.72,94,100,3.7,RU,1604350555
Watsa,3.04,29.54,18.72,98,99,0.98,CD,1604350556
Lianran,24.92,102.48,13.33,100,90,5.0,CN,1604350556
Merauke,-8.47,140.33,26.65,85,100,4.99,ID,1604350556
Guerrero Negro,27.98,-114.06,25.84,50,0,6.44,MX,1604350556
Spring Hill,28.48,-82.53,22.0,37,1,6.7,US,1604350557
Mutoko,-17.4,32.23,21.04,50,0,3.29,ZW,1604350557
Pingliang,35.54,106.69,5.06,62,99,1.19,CN,1604350558
Hibbing,47.43,-92.94,9.0,45,1,3.1,US,1604350558
Sitka,57.05,-135.33,6.0,75,90,1.5,US,1604350558
Vestmanna,62.16,-7.17,7.0,75,7,8.2,FO,1604350559
Waterloo,8.34,-13.07,26.47,80,7,1.68,SL,1604350559
Baie-Comeau,49.22,-68.15,0.0,94,90,9.8,CA,1604350559
Altamont,42.21,-121.74,21.67,31,1,1.5,US,1604350559
Porto Walter,-8.27,-72.74,31.42,47,76,1.17,BR,1604350560
Cardston,49.2,-113.3,20.0,20,38,11.3,CA,1604350560
Tilichiki,60.47,166.1,-1.32,99,100,0.33,RU,1604350560
Khuzhir,53.19,107.34,-3.27,91,100,3.2,RU,1604350560
Arlit,18.74,7.39,25.57,18,0,5.04,NE,1604350561
Tommot,58.96,126.29,-25.68,87,61,0.17,RU,1604350561
Hobyo,5.35,48.53,27.02,79,42,4.82,SO,1604350561
Santo Antônio do Içá,-3.1,-67.94,29.3,78,95,0.71,BR,1604350561
Santander,43.46,-3.8,13.0,93,90,1.5,ES,1604350562
Saldanha,-33.01,17.94,22.0,46,89,2.6,ZA,1604350562
Masallātah,32.62,14.0,18.8,65,0,1.87,LY,1604350562
Cefalù,38.04,14.02,17.22,77,9,1.54,IT,1604350562
Elk Grove Village,42.0,-87.97,10.56,29,75,7.2,US,1604350563
Kalabo,-14.97,22.68,25.1,36,50,2.12,ZM,1604350563
Gur'yevsk,54.28,85.93,-2.23,97,94,0.41,RU,1604350563
Hope,49.38,-121.44,14.0,71,1,3.1,CA,1604350431
Linjiang,41.81,126.91,-3.52,80,6,3.13,CN,1604350563
Boone,39.03,-92.33,17.22,25,1,5.7,US,1604350535
San Quintín,30.48,-115.95,23.6,55,0,5.25,MX,1604350564
Dunda,-8.12,34.25,20.32,63,80,0.5,TZ,1604350564
São José da Coroa Grande,-8.9,-35.15,25.81,79,37,5.74,BR,1604350564
Puerto Carreño,6.19,-67.49,30.78,63,57,2.34,CO,1604350565
Umluj,25.02,37.27,26.56,69,94,3.27,SA,1604350565
La Orilla,17.98,-102.23,31.42,51,1,1.97,MX,1604350565
Sisimiut,66.94,-53.67,-5.97,88,100,7.99,GL,1604350565
Muscatine,41.47,-91.13,15.0,28,1,7.7,US,1604350565
Harper,4.38,-7.72,25.68,86,84,1.74,LR,1604350282
Nuuk,64.18,-51.72,-5.0,53,75,7.2,GL,1604350566
Sørland,67.67,12.69,7.0,93,75,1.5,NO,1604350566
Ondjiva,-17.07,15.73,28.05,23,39,1.46,AO,1604350566
Beringovskiy,63.05,179.32,-3.62,93,56,2.08,RU,1604350566
Ontario,34.06,-117.65,31.0,17,20,3.1,US,1604350466
Paluan,13.42,120.46,26.9,75,100,3.21,PH,1604350567
Kunigal,13.02,77.03,20.13,79,4,1.65,IN,1604350567
Grindavik,63.84,-22.43,4.0,86,75,10.3,IS,1604350567
Camacha,33.08,-16.33,21.0,83,40,3.6,PT,1604350568
Kautokeino,69.01,23.04,4.99,90,100,12.2,NO,1604350568
Alta Floresta,-9.88,-56.09,23.75,93,96,1.68,BR,1604350568
Vestmannaeyjar,63.44,-20.27,6.69,72,98,14.6,IS,1604350568
Beira,-19.84,34.84,25.0,78,20,4.1,MZ,1604350568
Santa Fe,-31.63,-60.7,28.89,25,9,1.79,AR,1604350569
Cockburn Town,24.03,-74.52,27.37,76,34,6.71,BS,1604350569
Raudeberg,61.99,5.14,7.22,92,100,8.84,NO,1604350569
Hofn,64.25,-15.21,5.41,64,87,7.88,IS,1604350569
Burnie,-41.07,145.92,13.89,81,92,1.79,AU,1604350570
La Asuncion,11.03,-63.86,30.0,70,79,9.8,VE,1604350478
Owando,-0.48,15.9,22.24,92,83,0.71,CG,1604350570
Carnarvon,-24.87,113.63,19.0,72,18,5.7,AU,1604350570
Acapulco de Juárez,16.86,-99.89,30.0,79,20,6.2,MX,1604350338
Turochak,52.26,87.12,0.09,96,100,1.09,RU,1604350571
Clarence Town,23.1,-74.98,27.75,73,100,4.53,BS,1604350571
Mitsamiouli,-11.38,43.28,25.21,78,4,3.76,KM,1604350571
La Ronge,55.1,-105.28,6.0,70,91,2.1,CA,1604350444
Komsomol'skiy,43.98,46.7,12.92,52,78,2.7,RU,1604350572
Vila Velha,-20.33,-40.29,23.0,53,40,8.2,BR,1604350572
Três Lagoas,-20.75,-51.68,26.25,37,0,2.6,BR,1604350572
Merowe,18.48,31.82,26.62,25,0,7.51,SD,1604350572
Vallenar,-28.57,-70.76,26.07,23,0,3.4,CL,1604350573
Margate,-30.86,30.37,18.93,83,68,1.86,ZA,1604350573
Poronaysk,49.22,143.12,1.66,88,84,0.62,RU,1604350574
Longyearbyen,78.22,15.64,3.0,69,75,19.5,SJ,1604350574
Sungai Raya,0.7,108.9,25.33,88,100,2.13,ID,1604350574
Golub-Dobrzyń,53.11,19.05,13.89,98,100,3.83,PL,1604350574
Genhe,50.78,121.52,-16.64,89,0,1.86,CN,1604350574
Itoman,26.12,127.67,25.0,78,75,11.8,JP,1604350575
Ferkessédougou,9.6,-5.2,27.09,51,35,1.8,CI,1604350575
Yeppoon,-23.13,150.73,22.0,73,80,3.1,AU,1604350575
Petrozavodsk,61.78,34.35,4.0,93,100,4.0,RU,1604350333
Kodinsk,58.69,99.18,-4.28,96,43,3.27,RU,1604350576
Coyhaique,-45.58,-72.07,18.0,45,0,3.6,CL,1604350576
Baker City,44.77,-117.83,20.0,20,1,6.2,US,1604350552
Suicheng,33.9,117.93,7.12,51,8,2.94,CN,1604350576
Tautira,-17.73,-149.15,29.0,66,75,2.6,PF,1604350577
Kahului,20.89,-156.47,29.0,66,40,6.7,US,1604350577
Bonfim,3.08,-59.95,32.02,53,88,1.35,BR,1604350577
Misratah,32.38,15.09,21.07,61,0,1.98,LY,1604350577
Amapá,1.0,-52.0,26.09,75,100,0.48,BR,1604350577
Saint-Augustin,51.23,-58.65,11.57,92,100,14.22,CA,1604350578
Gizo Government Station,-8.1,156.84,28.81,72,37,0.95,SB,1604350578
Hasaki,35.73,140.83,14.0,100,75,1.5,JP,1604350578
Arman',59.7,150.17,0.12,96,100,7.69,RU,1604350578
Tual,-5.67,132.75,28.84,73,100,3.36,ID,1604350578
Kidal,18.44,1.41,24.99,18,98,5.75,ML,1604350579
Elizabeth City,36.29,-76.25,12.22,32,1,6.7,US,1604350579
Havøysund,71.0,24.66,5.0,80,75,8.7,NO,1604350579
Palu,-0.89,119.87,24.31,79,100,1.15,ID,1604350282
Cayenne,4.93,-52.33,26.0,94,20,1.5,GF,1604350447
Moundsville,39.92,-80.74,7.0,33,1,6.7,US,1604350580
Kuril'sk,45.23,147.88,9.44,90,100,4.4,RU,1604350580
Bontang,0.13,117.5,24.92,88,100,3.34,ID,1604350558
Olafsvik,64.89,-23.71,4.09,78,100,9.33,IS,1604350581
Ancud,-41.87,-73.82,16.11,71,75,1.5,CL,1604350581
Najrān,17.49,44.13,17.0,25,0,0.34,SA,1604350581
Ketchikan,55.34,-131.65,12.0,100,90,6.2,US,1604350582
Jaru,-10.44,-62.47,30.91,55,72,2.42,BR,1604350582
Maragogi,-9.01,-35.22,25.63,80,27,5.49,BR,1604350320
Kruisfontein,-34.0,24.73,17.78,88,0,1.34,ZA,1604350582
Sakakah,29.97,40.21,23.0,46,75,7.7,SA,1604350582
Puno,-15.83,-70.03,14.72,35,58,4.47,PE,1604350583
Bambous Virieux,-20.34,57.76,22.0,73,40,5.1,MU,1604350506
São Gabriel da Cachoeira,-0.13,-67.09,29.44,72,86,1.15,BR,1604350388
‘Āhuimanu,21.44,-157.84,28.0,69,40,3.1,US,1604350583
Kontagora,10.4,5.47,25.09,40,93,1.07,NG,1604350583
Meadow Lake,54.13,-108.43,6.0,70,75,1.0,CA,1604350584
La Plata,37.28,-107.82,21.11,16,1,2.88,US,1604350584
Ust-Kuyga,70.02,135.6,-24.99,84,92,4.05,RU,1604350584
Luau,-10.71,22.22,20.86,66,32,2.45,AO,1604350584
Mayo,63.59,-135.9,-21.0,83,90,1.61,CA,1604350585
Tarakan,3.3,117.63,26.71,83,100,3.64,ID,1604350505
Sibut,5.72,19.07,22.97,88,95,1.12,CF,1604350585
Chapais,49.78,-74.85,-6.0,73,75,3.1,CA,1604350585
Maun,-19.98,23.42,25.0,47,0,3.6,BW,1604350585
Chërnaya Kholunitsa,58.85,51.72,-3.02,96,0,1.38,RU,1604350586
Zhengjiatun,43.51,123.51,-4.37,78,0,5.32,CN,1604350586
Saraland,30.82,-88.07,19.0,20,1,5.7,US,1604350468
Turukhansk,65.82,87.98,-10.01,97,100,4.08,RU,1604350586
Luanda,-8.84,13.23,26.0,83,20,3.1,AO,1604350471
Sola,-13.88,167.55,25.76,81,100,1.95,VU,1604350587
Broome,-17.97,122.23,26.0,83,9,3.6,AU,1604350587
Vaitape,-16.52,-151.75,26.92,78,3,6.95,PF,1604350587
Ingersoll,43.03,-80.88,5.0,48,40,9.8,CA,1604350459
Indramayu,-6.33,108.32,26.37,77,46,3.86,ID,1604350588
Port Hardy,50.7,-127.42,10.0,93,90,9.3,CA,1604350588
Huarmey,-10.07,-78.15,19.51,67,100,3.59,PE,1604350588
Ibrā’,22.69,58.53,16.12,38,0,1.89,OM,1604350588
San Cristobal,-0.9,-89.62,23.0,88,75,3.1,EC,1604350589
Dubti,11.74,41.09,25.67,35,0,5.15,ET,1604350589
Santa Cruz del Sur,20.71,-78.0,28.15,77,100,5.7,CU,1604350589
Sioux Lookout,50.1,-91.92,5.0,65,75,5.1,CA,1604350577
Malanje,-9.54,16.34,19.1,93,33,1.5,AO,1604350589
Sokol,59.46,40.12,1.94,95,100,3.67,RU,1604350590
Plettenberg Bay,-34.05,23.37,17.96,87,0,2.64,ZA,1604350590
Lima,-12.04,-77.03,20.56,68,20,3.1,PE,1604350042
Arrondissement de Limoux,42.92,2.17,12.78,93,31,0.5,FR,1604350590
Don Sak,9.32,99.69,27.22,89,29,1.64,TH,1604350591
Ust-Nera,64.57,143.2,-27.83,76,0,1.17,RU,1604350591
Tumen,42.97,129.84,-1.89,80,3,3.47,CN,1604350591
Kota Tinggi,1.74,103.9,24.44,100,20,2.5,MY,1604350591
Hamilton,32.29,-64.78,23.33,100,90,8.2,BM,1604350461
Finnsnes,69.23,17.98,4.0,80,75,8.7,NO,1604350534
La Tuque,47.43,-72.78,-2.0,46,3,6.7,CA,1604350592
Roura,4.73,-52.33,26.0,94,20,1.5,GF,1604350592
Xapuri,-10.65,-68.5,33.07,36,87,0.72,BR,1604350592
Amilly,47.97,2.77,14.44,98,100,0.45,FR,1604350305
Río Grande,-14.52,-75.2,26.29,39,38,4.62,PE,1604350593
Grand Gaube,-20.01,57.66,20.56,69,39,0.45,MU,1604350593
Belle Fourche,44.67,-103.85,23.33,20,1,2.6,US,1604350593
Dekar,-21.53,21.93,23.69,50,100,6.32,BW,1604350593
Olinda,-8.01,-34.86,28.0,69,40,4.1,BR,1604350593
Okato,-39.2,173.88,16.67,88,100,4.92,NZ,1604350594
Banepā,27.63,85.52,15.0,93,20,1.0,NP,1604350594
Marabba,12.35,32.18,32.42,26,62,1.98,SD,1604350594
Okhotsk,59.38,143.3,-0.27,93,100,10.83,RU,1604350595
Brooks,50.58,-111.89,24.0,16,4,5.1,CA,1604350595
Jos,9.92,8.9,19.0,52,0,4.1,NG,1604350447
Barcelos,-0.97,-62.92,30.91,60,55,0.38,BR,1604350595
Inhambane,-23.86,35.38,22.1,78,2,3.07,MZ,1604350595
Antofagasta,-23.65,-70.4,17.0,67,20,7.2,CL,1604350596
Souillac,-20.52,57.52,22.0,73,40,5.1,MU,1604350596
San José,16.98,-89.9,26.36,75,67,2.52,GT,1604350596
Bathsheba,13.22,-59.52,29.0,66,20,7.7,BB,1604350597
Koungheul,13.98,-14.8,30.19,18,9,1.18,SN,1604350597
Anadyr,64.75,177.48,-8.0,92,90,4.0,RU,1604350597
Kutum,14.2,24.67,23.3,29,4,7.69,SD,1604350597
Iqaluit,63.75,-68.51,-8.0,67,75,6.2,CA,1604350598
Harnai,30.1,67.94,13.71,22,0,1.55,PK,1604350598
Labuhan,-6.88,112.21,25.91,82,100,3.94,ID,1604350598
Piedecuesta,6.99,-73.05,24.0,78,40,3.6,CO,1604350599
Kologriv,58.83,44.32,-0.48,97,24,3.39,RU,1604350599
Piney Green,34.72,-77.32,11.11,45,0,4.98,US,1604350312
Birjand,32.87,59.22,5.0,15,0,2.1,IR,1604350599
Isangel,-19.55,169.27,24.0,91,100,7.19,VU,1604350600
Juneau,58.3,-134.42,-2.0,86,90,1.27,US,1604350600
Beberibe,-4.18,-38.13,28.0,74,0,6.7,BR,1604350600
Yar-Sale,66.83,70.83,-8.3,94,27,3.95,RU,1604350600
Nambucca Heads,-30.65,153.0,17.78,67,90,4.6,AU,1604350600
Yatou,37.15,122.38,6.28,63,48,2.81,CN,1604350601
Trinidad,37.17,-104.5,23.33,13,1,2.1,US,1604350601
Mambolo,8.92,-13.04,25.73,84,12,1.37,SL,1604350601
Grimshaw,56.18,-117.6,11.0,70,90,4.6,CA,1604350601
Dubovka,49.06,44.83,7.0,70,0,4.0,RU,1604350602
Laem Sing,12.48,102.07,24.98,86,8,2.88,TH,1604350602
Valle de Allende,26.93,-105.4,20.62,33,51,7.11,MX,1604350602
Bowen,-20.02,148.23,25.0,78,40,3.6,AU,1604350602
Auki,-8.77,160.7,26.97,81,100,1.78,SB,1604350603
Beloha,-25.17,45.05,20.5,81,1,5.72,MG,1604350603
Barra de Tecoanapa,16.52,-98.75,30.01,53,6,3.64,MX,1604350603
Guderup,54.99,9.87,12.0,81,51,4.6,DK,1604350603
Gewanē,10.17,40.65,23.61,32,0,1.88,ET,1604350604
Mahāsamund,21.1,82.1,19.67,50,0,1.86,IN,1604350604
Balvi,57.13,27.27,6.29,81,100,5.11,LV,1604350604
Shingū,33.73,135.98,15.1,91,100,2.0,JP,1604350605
Lluta,-16.01,-72.01,20.0,19,0,6.2,PE,1604350605
Gairo,-6.14,36.87,16.95,89,68,2.14,TZ,1604350605
Maryville,35.76,-83.97,11.11,31,1,3.1,US,1604350605
Copiapó,-27.37,-70.33,19.0,55,0,5.1,CL,1604350606
Tigil',57.8,158.67,-0.67,91,100,3.03,RU,1604350606
San Vicente,15.3,120.65,24.0,94,75,1.0,PH,1604350606
Ryōtsu-minato,38.08,138.43,13.92,69,58,8.58,JP,1604350606
Nanchong,30.8,106.08,13.47,91,100,0.8,CN,1604350606
Kumphawapi,17.11,103.01,22.22,88,38,1.79,TH,1604350607
Weyburn,49.67,-103.85,19.0,25,0,5.1,CA,1604350607
Departamento de Florida,-33.83,-55.92,19.57,72,31,3.08,UY,1604350607
Maniitsoq,65.42,-52.9,-3.98,85,99,8.07,GL,1604350607
Dargaville,-35.93,173.88,20.37,68,86,4.88,NZ,1604350608
Locri,38.24,16.26,16.0,82,20,3.6,IT,1604350608
Bilma,18.69,12.92,23.3,21,0,3.73,NE,1604350608
Kieta,-6.22,155.63,28.25,71,15,0.79,PG,1604350609
Ashquelon,31.67,34.57,21.11,68,40,2.1,IL,1604350609
Kumul,42.8,93.45,2.88,73,0,1.48,CN,1604350609
Tezu,27.92,96.17,20.0,85,22,1.48,IN,1604350610
Tuatapere,-46.13,167.68,12.22,75,65,0.89,NZ,1604350610
Iquique,-20.22,-70.14,19.0,63,0,8.7,CL,1604350610
Port Lincoln,-34.73,135.87,23.18,29,85,8.62,AU,1604350611
Ingrāj Bāzār,25.0,88.15,23.11,48,94,2.76,IN,1604350611
Cap Malheureux,-19.98,57.61,20.56,69,38,0.45,MU,1604350611
Umm Kaddadah,13.6,26.69,28.28,24,2,9.68,SD,1604350612
Palmer,42.16,-72.33,3.0,37,20,10.3,US,1604350612
Cayambe,0.05,-78.13,23.0,33,20,8.7,EC,1604350612
Kalispell,48.2,-114.31,10.56,49,1,1.01,US,1604350525
Chumikan,54.72,135.31,-8.98,96,100,8.83,RU,1604350613
Dongsheng,39.82,109.98,-1.13,75,0,2.97,CN,1604350613
Çanakkale Province,40.08,26.83,9.0,76,0,3.1,TR,1604350456
Phan Thiet,10.93,108.1,24.08,83,100,1.6,VN,1604350613
Palāsa,18.77,84.42,24.64,81,95,1.65,IN,1604350613
Vanimo,-2.67,141.3,26.3,77,100,1.91,PG,1604350614
Kuusamo,65.97,29.18,2.0,93,90,9.3,FI,1604350614
Oktyabr'skoye,43.06,44.74,6.0,93,85,2.0,RU,1604350614
Te Anau,-45.42,167.72,11.97,60,54,0.3,NZ,1604350615
Saltpond,5.21,-1.06,26.21,84,100,3.08,GH,1604350615
Usinsk,65.99,57.53,0.49,95,100,8.35,RU,1604350615
Yelan',50.95,43.74,6.48,71,100,3.2,RU,1604350615
San Luis,-33.3,-66.34,29.56,16,0,2.86,AR,1604350592
Boguchany,58.38,97.45,-4.84,96,33,2.7,RU,1604350616
Belaya Gora,68.53,146.42,-25.06,81,0,3.97,RU,1604350616
Wencheng,33.06,113.8,10.34,45,91,1.55,CN,1604350616
Fulton,33.77,-84.45,14.44,24,1,4.1,US,1604350616
San Andrés,12.58,-81.7,29.0,79,90,7.7,CO,1604350617
Curuçá,-0.73,-47.85,27.26,75,14,3.08,BR,1604350617
Kerema,-7.96,145.78,25.32,89,100,4.7,PG,1604350617
Anzio,41.49,12.62,15.56,87,5,1.5,IT,1604350618
Samarai,-10.62,150.67,27.82,81,65,3.04,PG,1604350618
Portland,-38.33,141.6,19.22,51,86,6.04,AU,1604350618
Yefremov,53.15,38.1,7.93,93,100,5.33,RU,1604350618
Coruripe,-10.13,-36.18,25.79,82,16,6.75,BR,1604350619
Kanigoro,-8.13,112.22,22.98,89,77,0.96,ID,1604350619
Deniliquin,-35.53,144.97,19.06,60,82,3.63,AU,1604350619
Geraldton,49.73,-86.95,4.0,60,75,7.7,CA,1604350619
Taoudenni,22.68,-3.98,27.25,16,100,3.73,ML,1604350619
Kupang,-10.17,123.58,26.07,75,100,2.45,ID,1604350620
São Filipe,14.9,-24.5,27.17,65,33,1.71,CV,1604350620
Constitucion,23.99,-104.67,22.0,17,5,4.6,MX,1604350620
Xicoténcatl,23.02,-98.88,29.44,42,3,6.71,MX,1604350620
Brewster,41.4,-73.62,4.0,38,1,7.7,US,1604350621
Dunedin,-45.87,170.5,11.67,68,100,12.07,NZ,1604350333
Oistins,13.07,-59.53,29.0,66,20,7.7,BB,1604350621
Eyl,7.98,49.82,26.81,74,10,8.27,SO,1604350622
Gravdal,68.12,13.5,7.0,93,75,1.5,NO,1604350622
Prieska,-29.66,22.75,25.41,20,0,5.05,ZA,1604350622
Energetik,51.74,58.79,3.34,81,0,1.41,RU,1604350622
High Level,58.52,-117.14,-7.0,100,90,1.5,CA,1604350623
Warrnambool,-38.38,142.48,17.22,69,81,3.13,AU,1604350623
Anáhuac,27.23,-100.15,24.0,27,5,2.88,MX,1604350623
Blue Springs,39.02,-94.28,18.33,31,1,6.2,US,1604350624
Karratha,-20.74,116.85,18.96,53,0,4.45,AU,1604350568
Salym,60.06,71.48,-3.68,98,96,2.26,RU,1604350624
Aleksandrovka,47.22,39.82,11.0,87,20,3.0,RU,1604350624
Manzhouli,49.6,117.43,-11.33,83,0,6.27,CN,1604350624
Kununurra,-15.77,128.73,24.0,83,48,3.52,AU,1604350625
Cidreira,-30.18,-50.21,18.16,59,0,3.6,BR,1604350625
Melville,50.92,-102.8,18.0,31,1,5.7,CA,1604350625
Tomatlán,19.93,-105.25,33.34,36,0,3.19,MX,1604350625
Kifrī,34.7,44.97,23.31,22,100,2.34,IQ,1604350626
Sangmélima,2.93,11.98,20.78,94,92,0.7,CM,1604350626
Sunrise Manor,36.21,-115.07,30.0,8,40,6.7,US,1604350626
Katobu,-4.94,122.53,23.88,88,100,1.98,ID,1604350626
Si Bun Rueang,16.97,102.28,21.6,84,84,1.24,TH,1604350627
